Full Name,Department,Job Title,Hiring day
Osborn Oliver Svetlanaevich,Palmer Technologies,Scientist,10/12/2023
Osborn Ben Ivanovich,S.H.I.E.L.D.,Reporter,30/11/2023
Cho Bruce Tatianaevich,Rand Enterprises,Reporter,12/05/2017
Todd Daniel Tatianaevich,Stark Industries,Lawyer,18/01/2021
Cain Clark Nikolaevich,Wayne Enterprises,Scientist,04/04/2021
Danvers Clark Irinaevich,Daily Planet,Lawyer,25/12/2019
Lane Jason Olgaevich,Queen Industries,CEO,29/07/2020
Allen Peter Dariaevich,League of Assassins,Model,30/04/2020
Allen Daniel Nataliaevich,Rand Enterprises,Model,04/06/2022
Queen Tony Maryevich,S.H.I.E.L.D.,IT Specialist,01/05/2023
Rand David Tatianaevich,Palmer Technologies,Model,08/12/2023
Parker Clark Dariaevich,League of Assassins,Lawyer,11/08/2023
Storm Oliver Ivanovich,League of Assassins,Model,12/11/2017
Storm Walter Olgaevich,NASA,Soldier,16/06/2020
Maximoff Jason Dariaevich,SSR,Archer,22/09/2020
Wilson Clark Maryevich,Queen Industries,Air Force Pilot,11/04/2018
Rand Walter Olgaevich,S.H.I.E.L.D.,Air Force Pilot,22/09/2020
Gale Jason Irinaevich,Gamma Research,CEO,25/12/2023
Osborn Jason Ivanovich,NASA,CEO,06/07/2021
Cho Barry Elenaevich,Daily Planet,Spy,16/05/2020
Stark Walter Ivanovich,Rand Enterprises,Scientist,15/12/2021
Allen Oliver Svetlanaevich,Army,Model,24/12/2018
Smoak Walter Sidorovich,CatCo Worldwide Media,CEO,10/09/2019
Rand Steve Maryevich,SSR,Agent,14/06/2017
Murdock Clark Svetlanaevich,Stark Industries,Archer,20/07/2023
Watson Wade Nikolaevich,Oscorp Industries,Model,10/03/2019
Stark Tony Irinaevich,Central City Police Department,Photographer,24/01/2023
Cain Norman Olgaevich,Central City Police Department,Reporter,26/07/2022
Watson Oliver Olgaevich,CatCo Worldwide Media,Journalist,23/12/2017
Kent Norman Nataliaevich,S.H.I.E.L.D.,Reporter,13/10/2020
Parker Peter Olgaevich,Rand Enterprises,Reporter,29/07/2022
Allen Bruce Tatianaevich,Oscorp Industries,Reporter,18/09/2021
Gale Daniel Irinaevich,Daily Planet,Scientist,11/06/2019
Lane Daniel Katerinaevich,SSR,Photographer,19/05/2024
Storm Peter Irinaevich,Wayne Enterprises,Model,28/08/2019
Parker Norman Ivanovich,S.H.I.E.L.D.,Reporter,19/10/2017
Todd Bruce Tatianaevich,League of Assassins,Reporter,20/11/2018
White Steve Svetlanaevich,SSR,Soldier,16/09/2023
Bishop Oliver Tatianaevich,Central City Police Department,Spy,18/10/2019
Carter Bruce Katerinaevich,Wayne Enterprises,Soldier,26/03/2022
Kent David Katerinaevich,League of Assassins,Lawyer,22/12/2023
Storm Daniel Katerinaevich,SSR,Agent,26/03/2024
Rand Steve Maryevich,Gamma Research,Agent,12/06/2023
Storm Peter Dariaevich,Central City Police Department,Private Investigator,18/06/2024
Parker Wade Tatianaevich,S.H.I.E.L.D.,Photographer,20/03/2017
Parker Bruce Irinaevich,CatCo Worldwide Media,Journalist,29/06/2017
Rand Tony Elenaevich,Central City Police Department,Model,09/03/2024
Queen Peter Petrovich,Daily Planet,Lawyer,21/09/2019
Wilson Jason Nataliaevich,Queen Industries,IT Specialist,17/11/2018
Smoak Matt Maryevich,S.H.I.E.L.D.,Spy,08/07/2021
Carter Walter Tatianaevich,Rand Enterprises,Private Investigator,05/08/2020
Murdock David Dariaevich,Stark Industries,Model,13/02/2024
Todd Clark Maryevich,CatCo Worldwide Media,Scientist,16/08/2022
Todd Barry Dariaevich,Central City Police Department,Reporter,20/09/2023
Queen Ben Maryevich,Oscorp Industries,CEO,23/07/2018
Carter Oliver Maryevich,Queen Industries,Journalist,15/12/2018
Queen Daniel Maryevich,NASA,CEO,06/09/2021
Allen Norman Nikolaevich,League of Assassins,Reporter,10/03/2019
Zor-El Tony Nikolaevich,Palmer Technologies,Journalist,12/01/2024
Romanoff Steve Dariaevich,Army,Agent,24/08/2016
Parker Matt Irinaevich,SSR,Archer,15/07/2022
Cain Ben Katerinaevich,Daily Planet,Spy,13/04/2020
Cho Clark Maryevich,Oscorp Industries,Archer,10/05/2017
Stark Walter Nataliaevich,Central City Police Department,Lawyer,28/03/2020
Carter Matt Katerinaevich,Rand Enterprises,Model,11/11/2020
Rogers Jason Katerinaevich,Wayne Enterprises,Model,11/12/2017
Todd Matt Svetlanaevich,Army,Archer,31/07/2023
Carter Peter Tatianaevich,Central City Police Department,Private Investigator,26/06/2023
Rand Steve Nikolaevich,Rand Enterprises,Journalist,11/06/2024
Parker Matt Nataliaevich,Daily Planet,Scientist,04/08/2020
Gale David Irinaevich,Army,Archer,07/08/2022
Murdock Jason Katerinaevich,Daily Planet,Air Force Pilot,10/05/2023
Storm Wade Olgaevich,Army,Archer,16/10/2021
Smoak Daniel Petrovich,Rand Enterprises,Lawyer,15/08/2018
Stark Clark Irinaevich,Oscorp Industries,Soldier,24/11/2017
Stark Peter Irinaevich,CatCo Worldwide Media,Scientist,29/04/2020
Watson Peter Dariaevich,Daily Planet,CEO,06/09/2019
Kent Wade Tatianaevich,Rand Enterprises,Soldier,26/01/2023
Romanoff Daniel Svetlanaevich,Wayne Enterprises,CEO,17/05/2023
Reilly Jason Petrovich,SSR,Private Investigator,19/08/2021
Smoak Matt Svetlanaevich,Gamma Research,Spy,28/03/2019
Allen Barry Maryevich,League of Assassins,Reporter,08/06/2020
Storm Steve Nataliaevich,Fantastic Four,Lawyer,02/01/2023
Smoak Tony Tatianaevich,NASA,IT Specialist,28/12/2016
Storm David Sidorovich,Army,Model,17/07/2018
Maximoff Tony Elenaevich,Daily Planet,Spy,02/10/2019
Todd Ben Irinaevich,S.H.I.E.L.D.,Agent,14/09/2023
Watson Wade Nataliaevich,S.H.I.E.L.D.,Agent,05/06/2020
Todd Tony Katerinaevich,NASA,CEO,15/08/2022
Todd Walter Ivanovich,Oscorp Industries,Archer,30/09/2018
Cho Norman Dariaevich,S.H.I.E.L.D.,Air Force Pilot,24/09/2016
Zor-El Bruce Tatianaevich,League of Assassins,Photographer,02/02/2017
Reilly Norman Elenaevich,Daily Planet,Lawyer,12/01/2022
Murdock Norman Nataliaevich,Alias Investigations,CEO,23/02/2024
Danvers Tony Tatianaevich,SSR,Spy,09/06/2017
Lane Steve Ivanovich,Gamma Research,Model,08/08/2022
Rand Matt Nikolaevich,Oscorp Industries,CEO,08/09/2017
Rogers Oliver Olgaevich,League of Assassins,Scientist,24/10/2016
Kent David Dariaevich,Oscorp Industries,Scientist,24/04/2018
Bishop Bruce Svetlanaevich,Rand Enterprises,Agent,23/03/2021
Rogers Jason Svetlanaevich,Gamma Research,Soldier,04/04/2020
Osborn Walter Nikolaevich,Wayne Enterprises,Spy,13/05/2023
Bishop Oliver Sidorovich,Daily Planet,Journalist,06/01/2021
Romanoff Tony Nataliaevich,League of Assassins,Soldier,09/09/2017
Rand Wade Sidorovich,CatCo Worldwide Media,Private Investigator,26/08/2021
Romanoff Norman Tatianaevich,Central City Police Department,Spy,14/06/2023
Queen Bruce Dariaevich,CatCo Worldwide Media,Journalist,29/10/2016
Gale Barry Tatianaevich,Daily Planet,Private Investigator,11/07/2017
Watson Norman Dariaevich,Daily Planet,IT Specialist,17/07/2019
Parker Daniel Petrovich,S.H.I.E.L.D.,Scientist,09/12/2023
Parker Oliver Irinaevich,Fantastic Four,Air Force Pilot,23/04/2019
Smoak Daniel Olgaevich,Fantastic Four,Air Force Pilot,30/12/2017
Smoak David Tatianaevich,Gamma Research,Model,03/02/2023
Rogers Daniel Dariaevich,Central City Police Department,Agent,22/09/2022
Kent Tony Petrovich,Wayne Enterprises,Spy,26/01/2019
Gale Clark Maryevich,NASA,Archer,19/07/2019
Wilson Bruce Petrovich,Queen Industries,Spy,23/06/2022
Wayne David Tatianaevich,Stark Industries,Archer,15/07/2018
Wilson Matt Sidorovich,SSR,Soldier,21/07/2024
Parker David Nataliaevich,Stark Industries,CEO,01/05/2018
Storm Tony Dariaevich,Queen Industries,Scientist,27/05/2019
Kent Ben Maryevich,Wayne Enterprises,Archer,13/12/2017
Cho Peter Olgaevich,CatCo Worldwide Media,Soldier,26/09/2019
Todd Daniel Dariaevich,League of Assassins,Air Force Pilot,22/10/2020
Reilly Wade Olgaevich,Oscorp Industries,Spy,06/07/2024
Rand Oliver Nataliaevich,Stark Industries,IT Specialist,07/02/2021
Palpatine Barry Maryevich,Daily Planet,Lawyer,12/09/2019
Maximoff Bruce Elenaevich,Central City Police Department,Reporter,03/11/2020
Lane Daniel Maryevich,S.H.I.E.L.D.,Journalist,05/11/2022
Todd Ben Elenaevich,Oscorp Industries,CEO,04/01/2017
Maximoff Ben Olgaevich,League of Assassins,Model,23/10/2022
Murdock Walter Petrovich,Alias Investigations,IT Specialist,22/04/2021
Stark Walter Katerinaevich,Stark Industries,CEO,08/01/2017
Smoak David Dariaevich,Central City Police Department,Private Investigator,19/10/2018
Gale Bruce Dariaevich,Alias Investigations,Photographer,18/04/2018
Watson Tony Tatianaevich,Daily Planet,Air Force Pilot,20/06/2024
Parker David Elenaevich,NASA,CEO,01/04/2020
Allen Ben Nataliaevich,Oscorp Industries,Model,25/10/2021
Jones Tony Svetlanaevich,Army,Soldier,28/07/2018
Jones Tony Svetlanaevich,Palmer Technologies,Spy,22/07/2023
Kent Oliver Katerinaevich,Gamma Research,Journalist,26/03/2021
Carter Barry Elenaevich,Oscorp Industries,Private Investigator,21/07/2021
Rand Matt Olgaevich,Wayne Enterprises,Reporter,14/11/2021
Jones Daniel Ivanovich,Army,CEO,21/04/2020
Smoak Matt Irinaevich,Palmer Technologies,IT Specialist,01/12/2016
Todd David Ivanovich,NASA,Journalist,05/11/2023
Palpatine Steve Nataliaevich,Wayne Enterprises,Photographer,10/05/2019
Allen Clark Dariaevich,Army,Agent,05/09/2019
Romanoff Barry Maryevich,Oscorp Industries,Reporter,08/11/2017
Palpatine Clark Nikolaevich,Daily Planet,Lawyer,25/09/2018
Gale Steve Sidorovich,Palmer Technologies,Spy,04/04/2024
Stark Daniel Nataliaevich,Oscorp Industries,Scientist,01/05/2020
Todd Clark Olgaevich,SSR,Air Force Pilot,30/03/2019
Rogers Matt Elenaevich,Palmer Technologies,Air Force Pilot,23/03/2023
Stark Clark Ivanovich,CatCo Worldwide Media,IT Specialist,18/09/2018
Wayne Ben Tatianaevich,Fantastic Four,Model,29/11/2021
Osborn Barry Tatianaevich,Oscorp Industries,Scientist,11/08/2020
Jones Peter Maryevich,Army,Photographer,10/10/2021
Kent Norman Dariaevich,Queen Industries,Reporter,24/09/2020
Wilson Bruce Tatianaevich,Queen Industries,Photographer,11/08/2022
Stark Tony Sidorovich,League of Assassins,Agent,04/01/2020
White Walter Katerinaevich,Rand Enterprises,Reporter,07/07/2018
Smoak David Sidorovich,Alias Investigations,Scientist,11/06/2024
Rand Norman Ivanovich,Wayne Enterprises,Soldier,25/08/2016
Bishop David Irinaevich,Palmer Technologies,Air Force Pilot,27/04/2024
Reilly Barry Petrovich,CatCo Worldwide Media,Journalist,26/03/2021
Cain Walter Nataliaevich,Wayne Enterprises,Air Force Pilot,14/08/2018
Bishop Walter Tatianaevich,Alias Investigations,Archer,15/05/2024
Cho Peter Svetlanaevich,Fantastic Four,CEO,24/08/2018
Parker Matt Sidorovich,NASA,Soldier,09/12/2020
Parker Barry Tatianaevich,Alias Investigations,Model,25/07/2024
Smoak Bruce Tatianaevich,Central City Police Department,Private Investigator,18/05/2017
Watson Ben Svetlanaevich,Palmer Technologies,IT Specialist,27/11/2021
Smoak Jason Nikolaevich,Wayne Enterprises,Model,29/01/2020
Rand Bruce Katerinaevich,Alias Investigations,Spy,30/05/2019
Murdock Jason Nikolaevich,Rand Enterprises,Archer,05/12/2021
Queen Tony Nikolaevich,SSR,Lawyer,22/09/2018
Jones Tony Irinaevich,CatCo Worldwide Media,Archer,11/11/2023
Todd Oliver Sidorovich,SSR,Model,08/03/2024
Romanoff Matt Irinaevich,Wayne Enterprises,Archer,11/09/2021
Rand Norman Olgaevich,Central City Police Department,Archer,30/05/2017
Wayne Bruce Ivanovich,League of Assassins,Private Investigator,07/01/2019
Jones Peter Maryevich,Alias Investigations,IT Specialist,30/07/2019
Wilson Steve Petrovich,Daily Planet,IT Specialist,22/07/2021
Bishop Barry Sidorovich,Stark Industries,Soldier,19/11/2016
Jones Walter Nataliaevich,Queen Industries,CEO,12/11/2020
Palpatine David Sidorovich,SSR,Private Investigator,21/08/2023
Carter Tony Nataliaevich,Alias Investigations,Journalist,24/02/2018
Wilson Barry Elenaevich,Rand Enterprises,Archer,31/05/2019
Maximoff Walter Maryevich,S.H.I.E.L.D.,Private Investigator,06/12/2021
Bishop Steve Svetlanaevich,Wayne Enterprises,Journalist,06/06/2023
Carter Tony Katerinaevich,SSR,Agent,15/10/2021
Wilson Norman Petrovich,Rand Enterprises,Air Force Pilot,26/02/2019
Storm Walter Elenaevich,S.H.I.E.L.D.,Archer,16/09/2021
Palpatine Ben Elenaevich,Gamma Research,Reporter,07/02/2020
Todd Walter Tatianaevich,Stark Industries,CEO,18/03/2021
Palpatine Walter Tatianaevich,Palmer Technologies,Model,10/05/2018
Jones Barry Ivanovich,SSR,Lawyer,25/12/2022
Kent Jason Elenaevich,NASA,IT Specialist,31/08/2021
Parker David Svetlanaevich,Palmer Technologies,Reporter,29/04/2024
Wilson Norman Svetlanaevich,Gamma Research,Journalist,05/11/2016
Cho Barry Maryevich,Wayne Enterprises,Reporter,01/08/2022
Zor-El Steve Nataliaevich,Wayne Enterprises,Private Investigator,23/09/2016
Maximoff Norman Katerinaevich,Central City Police Department,Scientist,25/06/2019
Kent Oliver Nataliaevich,Army,Archer,21/01/2024
Cain Jason Svetlanaevich,NASA,Agent,15/06/2020
Wayne Peter Maryevich,League of Assassins,Private Investigator,25/10/2020
Parker Clark Dariaevich,Stark Industries,Reporter,13/03/2018
Danvers Daniel Svetlanaevich,Army,Air Force Pilot,03/04/2020
Cho Daniel Maryevich,Central City Police Department,Spy,23/01/2021
Romanoff David Elenaevich,NASA,Private Investigator,02/07/2023
Wayne Jason Petrovich,Alias Investigations,Private Investigator,30/06/2020
Parker Bruce Petrovich,Wayne Enterprises,Soldier,19/12/2018
Parker Wade Sidorovich,CatCo Worldwide Media,Agent,21/11/2022
Rogers Ben Irinaevich,NASA,Soldier,12/04/2023
Bishop Oliver Dariaevich,Army,Agent,18/04/2024
Wilson Oliver Sidorovich,Rand Enterprises,CEO,08/02/2024
White David Nikolaevich,Oscorp Industries,Lawyer,12/05/2017
Todd Steve Katerinaevich,Gamma Research,Reporter,16/12/2018
Osborn Barry Nataliaevich,Palmer Technologies,Lawyer,05/11/2021
Queen Walter Sidorovich,Gamma Research,Journalist,16/04/2023
White Tony Sidorovich,Oscorp Industries,Soldier,04/06/2021
Zor-El Wade Petrovich,Oscorp Industries,Soldier,09/05/2024
Carter Norman Dariaevich,League of Assassins,Air Force Pilot,28/09/2017
Storm Steve Irinaevich,Gamma Research,Archer,20/12/2021
Rand Bruce Ivanovich,SSR,Archer,14/12/2023
Cho Tony Ivanovich,Alias Investigations,Scientist,27/02/2017
Watson Wade Svetlanaevich,Fantastic Four,Archer,20/12/2019
Todd Peter Sidorovich,Queen Industries,Archer,05/06/2024
Allen Barry Dariaevich,Queen Industries,Private Investigator,20/02/2020
Bishop Barry Irinaevich,Stark Industries,CEO,23/10/2016
Jones David Maryevich,NASA,Air Force Pilot,29/12/2016
Queen Tony Nikolaevich,Army,Model,05/08/2016
Wayne Matt Svetlanaevich,Daily Planet,Archer,08/10/2023
Jones Barry Nataliaevich,Daily Planet,Private Investigator,11/10/2016
Storm Peter Irinaevich,Army,Soldier,17/07/2024
Osborn Oliver Elenaevich,Army,Spy,02/12/2018
Queen Tony Svetlanaevich,Rand Enterprises,Scientist,03/12/2019
Rand David Dariaevich,Daily Planet,Agent,20/12/2022
Queen Jason Olgaevich,CatCo Worldwide Media,Photographer,24/09/2021
Todd Peter Elenaevich,League of Assassins,Spy,11/11/2022
Danvers Tony Petrovich,Rand Enterprises,Private Investigator,03/08/2023
Stark Matt Svetlanaevich,Rand Enterprises,Soldier,31/10/2018
Romanoff Steve Sidorovich,Rand Enterprises,Photographer,13/02/2018
White Bruce Olgaevich,Queen Industries,IT Specialist,19/05/2021
Kent Barry Olgaevich,SSR,Archer,27/11/2021
Romanoff Daniel Ivanovich,Palmer Technologies,Agent,27/08/2018
Palpatine Jason Irinaevich,SSR,Model,03/04/2018
Watson Bruce Svetlanaevich,Fantastic Four,Soldier,07/04/2023
Danvers Clark Dariaevich,CatCo Worldwide Media,Journalist,07/10/2017
Allen Barry Tatianaevich,Stark Industries,Archer,20/08/2016
Jones Walter Maryevich,Gamma Research,Journalist,13/08/2016
Rogers David Maryevich,Alias Investigations,Archer,16/02/2022
Cho Tony Irinaevich,Army,Air Force Pilot,02/05/2019
Smoak Steve Dariaevich,Central City Police Department,Model,31/12/2018
White Steve Katerinaevich,Oscorp Industries,Soldier,26/10/2019
Gale David Nikolaevich,S.H.I.E.L.D.,Journalist,16/12/2018
Osborn Walter Katerinaevich,Daily Planet,Lawyer,23/04/2018
Parker Oliver Elenaevich,Gamma Research,Agent,16/04/2020
Bishop Barry Maryevich,Palmer Technologies,Photographer,15/10/2018
Parker Walter Svetlanaevich,Palmer Technologies,Lawyer,17/11/2022
Wilson Ben Nataliaevich,Alias Investigations,Air Force Pilot,29/06/2022
Maximoff Jason Dariaevich,Wayne Enterprises,Journalist,01/05/2021
Cain Peter Dariaevich,Palmer Technologies,Spy,06/11/2019
Murdock Steve Irinaevich,Wayne Enterprises,Photographer,01/10/2020
Danvers Bruce Svetlanaevich,Oscorp Industries,Reporter,10/08/2016
Maximoff David Dariaevich,NASA,Photographer,13/09/2016
Osborn Peter Maryevich,Palmer Technologies,Photographer,05/09/2021
Storm Bruce Olgaevich,Oscorp Industries,Reporter,04/04/2024
Wayne Jason Dariaevich,S.H.I.E.L.D.,Air Force Pilot,02/12/2019
Murdock Clark Petrovich,Queen Industries,Reporter,10/05/2017
Wilson Oliver Dariaevich,Central City Police Department,Lawyer,10/01/2020
Lane Jason Nikolaevich,Central City Police Department,Journalist,04/10/2021
Palpatine Steve Irinaevich,League of Assassins,Journalist,02/02/2018
Stark Bruce Dariaevich,Daily Planet,Reporter,25/02/2021
Cain Barry Maryevich,Central City Police Department,Photographer,01/08/2021
Cho Daniel Nikolaevich,Oscorp Industries,Scientist,15/08/2017
Storm Clark Irinaevich,Alias Investigations,Photographer,19/05/2024
Jones Peter Maryevich,Rand Enterprises,CEO,10/09/2021
Watson Bruce Elenaevich,Palmer Technologies,Air Force Pilot,18/03/2021
Gale Jason Olgaevich,Stark Industries,Journalist,12/05/2021
Danvers Steve Nataliaevich,SSR,IT Specialist,18/12/2017
Bishop David Elenaevich,CatCo Worldwide Media,Photographer,19/07/2021
Zor-El Peter Elenaevich,Daily Planet,Private Investigator,03/09/2022
Cain Steve Katerinaevich,Army,Scientist,18/03/2020
Cain Barry Svetlanaevich,S.H.I.E.L.D.,Agent,22/04/2023
Palpatine Norman Maryevich,Oscorp Industries,Lawyer,23/02/2018
Wayne Barry Tatianaevich,S.H.I.E.L.D.,Air Force Pilot,08/01/2018
Bishop Walter Tatianaevich,Fantastic Four,Private Investigator,21/09/2019
Parker Ben Nataliaevich,Army,Agent,10/03/2022
Zor-El Jason Ivanovich,Gamma Research,Spy,21/05/2024
Carter Walter Svetlanaevich,Queen Industries,Soldier,09/09/2023
Parker David Olgaevich,SSR,Air Force Pilot,23/04/2021
Cho Wade Svetlanaevich,S.H.I.E.L.D.,Journalist,01/04/2023
Todd Jason Ivanovich,Army,IT Specialist,22/02/2021
Allen Oliver Katerinaevich,League of Assassins,Private Investigator,13/09/2021
Storm Tony Irinaevich,Wayne Enterprises,IT Specialist,31/08/2022
Wilson Jason Ivanovich,Fantastic Four,Lawyer,18/02/2024
Stark Wade Olgaevich,Alias Investigations,Air Force Pilot,21/06/2017
Rand Ben Petrovich,Wayne Enterprises,Soldier,14/02/2019
Queen Jason Olgaevich,Queen Industries,Archer,10/06/2019
Maximoff Walter Nataliaevich,Stark Industries,Model,14/07/2017
Cain Wade Nataliaevich,League of Assassins,Private Investigator,24/10/2018
Wayne Bruce Nataliaevich,NASA,Photographer,27/01/2021
Bishop Ben Maryevich,Oscorp Industries,Agent,16/02/2023
Carter Norman Sidorovich,Fantastic Four,Spy,04/11/2023
Reilly Barry Elenaevich,Stark Industries,Scientist,19/07/2018
Todd Matt Irinaevich,Queen Industries,Journalist,13/07/2017
Rogers Matt Tatianaevich,League of Assassins,Agent,07/01/2018
Maximoff Bruce Nikolaevich,Wayne Enterprises,Air Force Pilot,22/11/2018
Cho Steve Nataliaevich,Central City Police Department,Archer,19/07/2017
Carter Barry Sidorovich,Rand Enterprises,CEO,16/09/2016
Romanoff Norman Katerinaevich,Rand Enterprises,Scientist,04/05/2023
White Bruce Katerinaevich,Palmer Technologies,Photographer,30/10/2017
Reilly Ben Nikolaevich,Palmer Technologies,Private Investigator,29/11/2021
Bishop Jason Petrovich,Palmer Technologies,Archer,08/07/2020
Danvers Walter Tatianaevich,S.H.I.E.L.D.,Spy,28/11/2020
Osborn Norman Ivanovich,Rand Enterprises,Reporter,03/01/2021
Palpatine Walter Dariaevich,SSR,Agent,03/04/2017
Jones Oliver Nikolaevich,NASA,Journalist,20/06/2019
Parker Steve Petrovich,League of Assassins,Air Force Pilot,11/01/2021
Reilly Steve Svetlanaevich,Rand Enterprises,Reporter,08/11/2018
Todd Daniel Maryevich,League of Assassins,Agent,06/10/2021
Allen Oliver Irinaevich,Army,Agent,13/03/2019
Cain Matt Sidorovich,NASA,Air Force Pilot,03/03/2021
Cho Matt Petrovich,Daily Planet,Reporter,15/02/2020
Lane Ben Tatianaevich,Rand Enterprises,IT Specialist,19/02/2020
Reilly Peter Tatianaevich,Alias Investigations,Reporter,19/10/2017
Wayne Bruce Maryevich,Alias Investigations,Model,21/05/2024
Wayne Clark Irinaevich,Stark Industries,Spy,19/02/2024
Jones Barry Elenaevich,S.H.I.E.L.D.,Soldier,05/05/2021
Romanoff Norman Ivanovich,Fantastic Four,Photographer,31/01/2021
Carter Jason Irinaevich,Central City Police Department,Scientist,10/07/2019
Storm Peter Tatianaevich,Palmer Technologies,Private Investigator,22/06/2019
Rand David Petrovich,Central City Police Department,IT Specialist,03/03/2020
Osborn Tony Irinaevich,S.H.I.E.L.D.,Air Force Pilot,14/09/2022
Zor-El Tony Elenaevich,Gamma Research,Model,11/09/2018
Watson Jason Irinaevich,Rand Enterprises,IT Specialist,01/06/2017
Wilson Ben Maryevich,CatCo Worldwide Media,Reporter,28/12/2018
Watson Bruce Svetlanaevich,Fantastic Four,Air Force Pilot,22/09/2023
Wayne Peter Olgaevich,SSR,Lawyer,27/11/2019
Osborn David Svetlanaevich,League of Assassins,Reporter,22/11/2021
Lane Daniel Ivanovich,Alias Investigations,Photographer,14/01/2022
Todd Walter Elenaevich,Stark Industries,Air Force Pilot,24/12/2019
Smoak Clark Maryevich,S.H.I.E.L.D.,Private Investigator,21/05/2022
Lane Peter Maryevich,Rand Enterprises,Model,13/01/2018
Smoak Tony Nataliaevich,Rand Enterprises,Journalist,07/12/2017
Murdock David Dariaevich,Army,Model,18/09/2018
White Walter Olgaevich,Wayne Enterprises,Archer,22/10/2017
Romanoff Bruce Katerinaevich,Queen Industries,Air Force Pilot,05/04/2020
Cain Daniel Nikolaevich,Queen Industries,Archer,12/01/2020
Osborn Matt Irinaevich,Alias Investigations,Journalist,15/01/2024
Romanoff Steve Petrovich,Rand Enterprises,Soldier,31/07/2024
Danvers Norman Elenaevich,Oscorp Industries,Spy,09/08/2019
Maximoff Walter Nikolaevich,Central City Police Department,Journalist,15/11/2018
Cain Matt Irinaevich,Central City Police Department,Reporter,26/03/2018
Osborn Steve Sidorovich,S.H.I.E.L.D.,IT Specialist,17/01/2020
Zor-El Oliver Ivanovich,Fantastic Four,Lawyer,02/02/2023
Cho Ben Tatianaevich,Alias Investigations,Journalist,18/08/2017
Osborn Walter Svetlanaevich,Stark Industries,Archer,12/01/2021
Lane Daniel Nataliaevich,Central City Police Department,Model,17/03/2024
Rogers Wade Maryevich,Central City Police Department,Soldier,08/09/2021
Wayne Bruce Petrovich,Daily Planet,Model,06/04/2017
Cho Ben Nikolaevich,Army,Spy,05/01/2023
Stark Steve Svetlanaevich,Palmer Technologies,Spy,22/05/2020
Allen Barry Olgaevich,Stark Industries,Reporter,18/05/2021
Wayne Steve Katerinaevich,Oscorp Industries,Archer,24/06/2018
White Norman Tatianaevich,Wayne Enterprises,Spy,09/02/2020
Stark Ben Nikolaevich,Wayne Enterprises,CEO,19/06/2023
Bishop Barry Petrovich,S.H.I.E.L.D.,Air Force Pilot,28/06/2019
Murdock Tony Elenaevich,Oscorp Industries,Spy,05/06/2020
Wayne Barry Tatianaevich,Daily Planet,Reporter,17/11/2020
Queen Matt Nikolaevich,CatCo Worldwide Media,Journalist,09/12/2016
Jones Barry Nikolaevich,Alias Investigations,Model,04/07/2022
Gale Ben Irinaevich,Rand Enterprises,CEO,31/03/2017
Queen Wade Olgaevich,Stark Industries,Archer,09/02/2021
Reilly Barry Ivanovich,Queen Industries,Journalist,22/06/2024
Murdock Matt Tatianaevich,Queen Industries,Soldier,21/09/2022
Lane Tony Maryevich,Alias Investigations,Private Investigator,18/11/2022
Parker Matt Nataliaevich,Central City Police Department,Spy,09/08/2023
Allen David Nataliaevich,Fantastic Four,Lawyer,15/04/2017
Romanoff Peter Irinaevich,Fantastic Four,Photographer,06/04/2021
Allen Clark Sidorovich,Daily Planet,Spy,14/08/2020
Carter Norman Olgaevich,Palmer Technologies,Journalist,31/07/2017
Zor-El Bruce Elenaevich,Alias Investigations,CEO,09/08/2017
Todd David Olgaevich,Oscorp Industries,Model,27/12/2017
White Norman Elenaevich,Queen Industries,Air Force Pilot,24/05/2021
White Peter Olgaevich,Daily Planet,IT Specialist,05/11/2021
Kent David Ivanovich,Central City Police Department,Lawyer,06/11/2017
Carter Barry Maryevich,Rand Enterprises,Archer,21/04/2021
Wilson Norman Tatianaevich,Army,Scientist,20/10/2022
Reilly David Irinaevich,Fantastic Four,Agent,16/06/2019
Queen Peter Nataliaevich,Army,Journalist,07/07/2017
Osborn Matt Katerinaevich,SSR,CEO,12/02/2017
Gale Clark Dariaevich,Alias Investigations,Photographer,03/03/2018
Maximoff Steve Nikolaevich,Alias Investigations,Lawyer,12/12/2016
Kent Barry Dariaevich,Wayne Enterprises,Archer,03/08/2022
Allen Clark Irinaevich,Queen Industries,Lawyer,10/08/2018
Smoak David Irinaevich,NASA,Lawyer,13/03/2019
Cain Barry Maryevich,Army,Archer,14/12/2018
Rand Clark Olgaevich,League of Assassins,Agent,08/04/2020
Cho Tony Nikolaevich,Gamma Research,Soldier,26/01/2018
Kent Clark Irinaevich,Daily Planet,Spy,10/10/2020
Romanoff Wade Petrovich,Queen Industries,Soldier,21/11/2021
Storm Peter Svetlanaevich,SSR,Scientist,01/03/2020
White Matt Ivanovich,CatCo Worldwide Media,Private Investigator,26/03/2024
Queen Barry Nataliaevich,Wayne Enterprises,Journalist,30/01/2021
Cho Peter Dariaevich,S.H.I.E.L.D.,Reporter,04/10/2021
Wilson Walter Dariaevich,NASA,Private Investigator,26/07/2021
Bishop Barry Nikolaevich,Wayne Enterprises,Archer,28/09/2016
Zor-El Steve Dariaevich,Army,Scientist,02/12/2018
Rand Walter Dariaevich,Daily Planet,Model,07/05/2022
Palpatine Norman Dariaevich,Army,CEO,30/09/2023
Reilly Norman Nikolaevich,Stark Industries,Archer,01/12/2019
Lane David Svetlanaevich,S.H.I.E.L.D.,Air Force Pilot,22/03/2020
Danvers Norman Nikolaevich,League of Assassins,Soldier,11/06/2023
Cho Tony Katerinaevich,Palmer Technologies,Agent,01/10/2019
Reilly Barry Sidorovich,League of Assassins,Scientist,14/06/2021
Watson Matt Katerinaevich,Gamma Research,Scientist,04/11/2019
Reilly Norman Katerinaevich,Fantastic Four,Photographer,13/09/2017
Todd Tony Petrovich,Fantastic Four,Spy,03/06/2019
Osborn Daniel Petrovich,Army,Agent,23/07/2024
Reilly Tony Olgaevich,S.H.I.E.L.D.,IT Specialist,20/02/2022
Cain Tony Ivanovich,Central City Police Department,IT Specialist,03/09/2019
Wayne David Dariaevich,Fantastic Four,Archer,21/09/2018
Romanoff Clark Olgaevich,NASA,Photographer,19/07/2024
Kent Clark Sidorovich,League of Assassins,Journalist,20/02/2021
Osborn Clark Nikolaevich,Stark Industries,Model,17/05/2019
Carter Matt Ivanovich,Rand Enterprises,Archer,17/05/2022
Wayne Ben Ivanovich,Wayne Enterprises,Air Force Pilot,19/08/2021
Allen David Elenaevich,Gamma Research,Journalist,19/10/2017
Maximoff Norman Svetlanaevich,Stark Industries,Archer,28/10/2017
Rand Daniel Olgaevich,Gamma Research,Air Force Pilot,16/02/2018
Rogers Daniel Nataliaevich,Oscorp Industries,Reporter,28/05/2022
Smoak Steve Maryevich,Oscorp Industries,Agent,28/03/2017
Stark Norman Svetlanaevich,Queen Industries,Reporter,22/05/2017
Smoak Matt Irinaevich,League of Assassins,Reporter,05/11/2018
Cain Ben Nikolaevich,Gamma Research,Archer,22/08/2016
Palpatine Daniel Ivanovich,Central City Police Department,Journalist,27/02/2018
Watson Norman Ivanovich,Oscorp Industries,Model,17/04/2020
Todd Clark Irinaevich,SSR,Air Force Pilot,07/03/2023
Maximoff Matt Ivanovich,Gamma Research,Agent,13/02/2018
Reilly Norman Nikolaevich,NASA,Model,12/08/2021
Kent Matt Tatianaevich,League of Assassins,CEO,21/09/2019
Romanoff Clark Nikolaevich,Daily Planet,Reporter,28/02/2023
Kent Tony Katerinaevich,CatCo Worldwide Media,Journalist,18/12/2023
Allen Ben Irinaevich,Queen Industries,Agent,05/07/2017
Smoak Wade Petrovich,Palmer Technologies,Private Investigator,04/05/2020
Todd Matt Petrovich,Alias Investigations,Soldier,17/01/2018
Queen David Katerinaevich,Army,Air Force Pilot,04/09/2021
Allen Oliver Elenaevich,Army,Lawyer,01/06/2023
Carter Ben Ivanovich,Alias Investigations,Model,16/06/2020
Romanoff Clark Petrovich,NASA,Model,31/01/2024
Osborn Peter Petrovich,Queen Industries,CEO,01/02/2022
Osborn Peter Dariaevich,SSR,Scientist,29/11/2021
Storm Tony Nataliaevich,Palmer Technologies,Scientist,20/08/2022
Kent Daniel Nataliaevich,Oscorp Industries,CEO,22/08/2021
White Tony Nataliaevich,Gamma Research,Photographer,13/05/2018
Parker Tony Irinaevich,Stark Industries,Journalist,24/02/2023
Queen Wade Ivanovich,Daily Planet,IT Specialist,22/03/2023
Wilson Steve Petrovich,Wayne Enterprises,Air Force Pilot,17/05/2018
Stark Clark Svetlanaevich,Queen Industries,Photographer,05/12/2022
Cho Walter Nataliaevich,Central City Police Department,Scientist,04/01/2017
Zor-El Wade Katerinaevich,Wayne Enterprises,Lawyer,27/05/2021
Rogers Steve Irinaevich,SSR,Spy,11/06/2020
Wayne Barry Elenaevich,Queen Industries,Lawyer,03/04/2019
Smoak Peter Svetlanaevich,Oscorp Industries,CEO,03/09/2016
Wilson Norman Nataliaevich,Fantastic Four,Journalist,28/07/2017
Rogers Ben Tatianaevich,League of Assassins,Reporter,26/04/2020
Watson Jason Tatianaevich,Central City Police Department,Photographer,01/08/2019
Rand Steve Nikolaevich,Fantastic Four,Private Investigator,12/10/2017
Wilson Matt Petrovich,Oscorp Industries,Reporter,17/07/2017
Romanoff Ben Irinaevich,Rand Enterprises,Soldier,06/08/2018
Murdock Bruce Dariaevich,NASA,Spy,04/12/2020
Murdock David Dariaevich,Wayne Enterprises,Archer,01/04/2017
Parker Matt Petrovich,Queen Industries,CEO,17/01/2022
Palpatine Matt Olgaevich,Rand Enterprises,IT Specialist,11/09/2019
Wayne Wade Nikolaevich,S.H.I.E.L.D.,Model,31/10/2018
Bishop Norman Dariaevich,Daily Planet,Private Investigator,09/01/2022
Carter Steve Nikolaevich,Palmer Technologies,Air Force Pilot,15/12/2016
White Peter Katerinaevich,Alias Investigations,Archer,21/05/2018
Carter Bruce Nikolaevich,Queen Industries,Agent,24/04/2019
Parker Ben Katerinaevich,Palmer Technologies,Lawyer,28/07/2024
Maximoff Norman Elenaevich,SSR,Private Investigator,11/09/2016
Carter Norman Nikolaevich,Rand Enterprises,Spy,05/06/2023
Cho Peter Maryevich,Gamma Research,CEO,31/12/2018
Queen Oliver Svetlanaevich,Central City Police Department,Lawyer,03/05/2019
Carter Peter Nikolaevich,NASA,Private Investigator,13/08/2018
White Barry Irinaevich,Rand Enterprises,Spy,21/06/2022
Murdock Ben Nataliaevich,League of Assassins,Archer,28/07/2021
Jones Jason Irinaevich,Gamma Research,Reporter,19/08/2016
Bishop Jason Dariaevich,Queen Industries,Private Investigator,24/04/2023
Watson Peter Maryevich,Army,Lawyer,19/11/2022
Gale Barry Svetlanaevich,Army,Agent,06/03/2017
Carter Oliver Dariaevich,Stark Industries,IT Specialist,16/04/2018
Reilly Oliver Irinaevich,S.H.I.E.L.D.,Archer,03/01/2017
Kent Matt Irinaevich,Palmer Technologies,Journalist,17/01/2021
Lane Jason Tatianaevich,Oscorp Industries,Scientist,26/09/2022
Todd Walter Svetlanaevich,League of Assassins,Archer,31/05/2023
Romanoff Wade Elenaevich,Wayne Enterprises,Reporter,13/11/2017
Osborn Daniel Irinaevich,Fantastic Four,Journalist,20/07/2020
Rand Norman Elenaevich,Army,Lawyer,15/06/2022
Danvers Walter Elenaevich,NASA,Photographer,23/01/2018
Rand David Tatianaevich,Alias Investigations,Private Investigator,02/03/2017
Cain Norman Elenaevich,Daily Planet,Journalist,03/05/2023
Todd Tony Ivanovich,SSR,Journalist,27/04/2022
Bishop Ben Ivanovich,Gamma Research,CEO,15/07/2020
Murdock Steve Tatianaevich,S.H.I.E.L.D.,Private Investigator,25/11/2018
Jones Matt Maryevich,Army,Spy,31/10/2020
Queen Daniel Elenaevich,League of Assassins,Archer,20/02/2020
Allen Norman Svetlanaevich,SSR,Spy,29/07/2017
Osborn Jason Svetlanaevich,Alias Investigations,Model,25/02/2020
Parker Walter Katerinaevich,Stark Industries,Air Force Pilot,05/11/2017
Storm Ben Sidorovich,Gamma Research,Spy,13/12/2019
Stark Jason Maryevich,S.H.I.E.L.D.,Spy,20/11/2016
Cho David Nikolaevich,Wayne Enterprises,Spy,08/01/2020
Danvers Oliver Katerinaevich,SSR,Model,13/11/2018
Queen Matt Katerinaevich,Daily Planet,Photographer,19/06/2020
Maximoff Jason Elenaevich,Wayne Enterprises,Model,05/03/2020
Allen Daniel Katerinaevich,Palmer Technologies,Photographer,22/11/2018
Danvers Ben Ivanovich,Wayne Enterprises,Scientist,20/10/2020
Storm Tony Ivanovich,S.H.I.E.L.D.,IT Specialist,20/07/2018
Carter Matt Petrovich,Alias Investigations,CEO,14/09/2022
Gale Matt Elenaevich,NASA,Lawyer,05/07/2017
White Bruce Katerinaevich,Alias Investigations,Agent,18/10/2022
Gale Jason Sidorovich,Fantastic Four,CEO,19/11/2020
Storm Walter Nikolaevich,NASA,Spy,15/01/2024
Smoak Norman Nikolaevich,CatCo Worldwide Media,Soldier,17/12/2021
Maximoff Bruce Katerinaevich,NASA,Private Investigator,23/04/2020
Palpatine Bruce Nataliaevich,League of Assassins,Model,27/01/2021
Queen Steve Olgaevich,Stark Industries,Soldier,25/01/2019
Jones Oliver Nataliaevich,NASA,Journalist,04/11/2022
Murdock Peter Tatianaevich,Palmer Technologies,CEO,02/04/2019
Zor-El Jason Tatianaevich,Oscorp Industries,Air Force Pilot,12/09/2021
Rogers Wade Sidorovich,Gamma Research,Soldier,28/05/2018
White Barry Tatianaevich,Oscorp Industries,Lawyer,02/02/2021
Cain Norman Olgaevich,Gamma Research,Photographer,30/11/2023
Rogers Matt Nikolaevich,NASA,Journalist,23/12/2016
Stark Barry Elenaevich,Oscorp Industries,Journalist,24/04/2018
Murdock Wade Irinaevich,S.H.I.E.L.D.,Soldier,18/07/2020
Rand Jason Katerinaevich,Oscorp Industries,Photographer,07/12/2023
Watson Jason Nataliaevich,CatCo Worldwide Media,Model,23/09/2017
Reilly Walter Elenaevich,SSR,Spy,20/02/2022
Rogers Clark Sidorovich,Palmer Technologies,Spy,05/02/2017
Wilson Oliver Irinaevich,Daily Planet,Lawyer,25/05/2023
Maximoff Wade Maryevich,Queen Industries,Journalist,14/11/2022
Gale Clark Svetlanaevich,SSR,CEO,27/11/2021
Lane David Olgaevich,Stark Industries,Archer,21/06/2024
Gale Oliver Irinaevich,NASA,Agent,23/08/2018
Parker Walter Elenaevich,SSR,Lawyer,26/07/2021
Allen Ben Tatianaevich,NASA,Scientist,31/07/2023
Rogers Steve Tatianaevich,Daily Planet,Soldier,05/01/2018
Osborn Jason Katerinaevich,Wayne Enterprises,Scientist,07/09/2017
Watson David Petrovich,Stark Industries,Private Investigator,24/08/2022
Parker Peter Tatianaevich,SSR,Scientist,05/03/2017
Murdock Peter Dariaevich,Oscorp Industries,Lawyer,13/10/2021
Watson David Petrovich,Central City Police Department,Lawyer,19/08/2021
Gale Bruce Dariaevich,S.H.I.E.L.D.,Scientist,01/02/2017
Gale David Petrovich,SSR,Agent,06/09/2017
White Norman Sidorovich,Daily Planet,Air Force Pilot,04/06/2021
Carter Clark Tatianaevich,Wayne Enterprises,Photographer,02/08/2017
Carter Matt Nataliaevich,S.H.I.E.L.D.,Lawyer,11/03/2019
Parker Walter Dariaevich,Army,Private Investigator,08/03/2023
Maximoff Walter Irinaevich,CatCo Worldwide Media,Lawyer,25/08/2016
Rogers Clark Katerinaevich,Daily Planet,Soldier,25/06/2020
Storm Walter Tatianaevich,Stark Industries,Air Force Pilot,11/05/2018
Stark Norman Elenaevich,Palmer Technologies,IT Specialist,03/11/2016
Cain Oliver Petrovich,CatCo Worldwide Media,CEO,27/06/2017
Rand Norman Ivanovich,NASA,Journalist,01/06/2017
Romanoff Peter Petrovich,Stark Industries,IT Specialist,03/07/2019
Kent Jason Ivanovich,NASA,CEO,18/07/2023
Romanoff Bruce Nikolaevich,Gamma Research,Reporter,27/09/2021
Palpatine David Maryevich,League of Assassins,Spy,11/10/2019
Parker Steve Ivanovich,Gamma Research,Journalist,13/06/2023
Murdock Wade Petrovich,Queen Industries,Lawyer,26/05/2020
Cho Ben Sidorovich,CatCo Worldwide Media,Air Force Pilot,11/07/2019
Smoak David Maryevich,Wayne Enterprises,Reporter,12/12/2021
Todd Jason Olgaevich,Daily Planet,Model,02/09/2020
Todd Oliver Dariaevich,NASA,Scientist,28/08/2023
Queen Daniel Ivanovich,NASA,CEO,11/12/2016
Parker Tony Maryevich,S.H.I.E.L.D.,Private Investigator,20/02/2019
Reilly David Sidorovich,Central City Police Department,Private Investigator,29/12/2021
Allen Peter Sidorovich,Queen Industries,CEO,19/03/2020
Smoak Peter Ivanovich,League of Assassins,Air Force Pilot,13/11/2021
Maximoff Tony Nataliaevich,Stark Industries,Air Force Pilot,10/03/2017
Wilson Bruce Petrovich,Alias Investigations,Journalist,29/03/2019
Jones Steve Nataliaevich,Wayne Enterprises,Lawyer,20/06/2021
Reilly Norman Irinaevich,SSR,Air Force Pilot,03/09/2016
Cho Oliver Petrovich,S.H.I.E.L.D.,Air Force Pilot,12/06/2023
Jones Bruce Dariaevich,CatCo Worldwide Media,Reporter,05/09/2020
Gale Wade Irinaevich,Queen Industries,IT Specialist,27/11/2020
Stark Barry Ivanovich,League of Assassins,Soldier,07/05/2017
Gale Daniel Katerinaevich,NASA,Journalist,05/10/2022
Reilly Steve Katerinaevich,S.H.I.E.L.D.,Archer,20/01/2023
Carter Walter Ivanovich,S.H.I.E.L.D.,Lawyer,23/09/2018
Stark Walter Elenaevich,Oscorp Industries,Agent,23/07/2020
Rand Matt Svetlanaevich,League of Assassins,Reporter,19/02/2024
Gale David Dariaevich,CatCo Worldwide Media,CEO,30/04/2018
Reilly Matt Svetlanaevich,NASA,Reporter,23/04/2019
Parker Norman Nikolaevich,Fantastic Four,Private Investigator,25/08/2017
Cain David Nataliaevich,League of Assassins,Agent,28/10/2023
Carter Peter Olgaevich,SSR,Private Investigator,25/03/2017
Smoak Matt Irinaevich,League of Assassins,Soldier,19/11/2017
Lane Matt Ivanovich,Central City Police Department,IT Specialist,25/09/2018
Queen Oliver Olgaevich,Gamma Research,Private Investigator,18/05/2024
Storm Ben Petrovich,Fantastic Four,Photographer,03/06/2017
Rogers Daniel Elenaevich,Rand Enterprises,Air Force Pilot,14/12/2021
Maximoff Wade Maryevich,NASA,Lawyer,17/10/2022
Jones Steve Katerinaevich,League of Assassins,IT Specialist,18/04/2023
Jones Walter Petrovich,Gamma Research,Reporter,20/03/2023
Parker Steve Olgaevich,Wayne Enterprises,CEO,17/12/2019
Rand Steve Katerinaevich,Central City Police Department,Air Force Pilot,18/06/2017
Lane Walter Nataliaevich,League of Assassins,Model,06/11/2019
Cain Steve Ivanovich,Palmer Technologies,Journalist,14/09/2022
Reilly Barry Sidorovich,Army,Air Force Pilot,13/08/2018
Gale Norman Maryevich,SSR,Model,07/12/2016
Rogers Oliver Katerinaevich,Palmer Technologies,Spy,24/12/2023
Danvers Peter Tatianaevich,Army,Agent,31/12/2019
Palpatine Daniel Ivanovich,Daily Planet,Photographer,14/04/2021
Danvers Peter Dariaevich,Fantastic Four,Reporter,24/08/2021
Palpatine Ben Olgaevich,NASA,CEO,30/04/2020
Wilson Bruce Tatianaevich,Army,Air Force Pilot,30/05/2017
Queen Steve Ivanovich,Rand Enterprises,Photographer,07/10/2016
Carter Matt Ivanovich,Wayne Enterprises,Reporter,13/11/2018
Stark David Maryevich,Gamma Research,Soldier,10/09/2020
Zor-El Bruce Elenaevich,Stark Industries,Soldier,10/06/2021
Lane Oliver Olgaevich,Palmer Technologies,IT Specialist,06/11/2017
Maximoff Oliver Svetlanaevich,League of Assassins,Private Investigator,06/03/2023
Queen David Nikolaevich,Wayne Enterprises,Journalist,19/03/2022
Zor-El Tony Katerinaevich,Rand Enterprises,Spy,22/05/2021
Bishop Bruce Katerinaevich,Stark Industries,Air Force Pilot,18/05/2020
Carter Bruce Elenaevich,Oscorp Industries,Scientist,30/05/2021
Wayne Ben Nataliaevich,Daily Planet,Soldier,02/11/2016
Lane Bruce Nikolaevich,Fantastic Four,Scientist,16/03/2019
Stark Jason Sidorovich,Daily Planet,Lawyer,20/07/2019
Wilson Wade Maryevich,Gamma Research,Lawyer,12/01/2019
Gale David Nataliaevich,Palmer Technologies,Photographer,25/08/2016
Lane Peter Ivanovich,League of Assassins,Archer,19/02/2020
Cain Ben Katerinaevich,Wayne Enterprises,CEO,15/03/2020
Lane Clark Svetlanaevich,Alias Investigations,Model,18/01/2022
Wilson Matt Tatianaevich,Rand Enterprises,Reporter,20/06/2021
Zor-El Barry Maryevich,Fantastic Four,Reporter,09/12/2019
Maximoff Jason Nikolaevich,CatCo Worldwide Media,Agent,12/10/2021
Lane Barry Elenaevich,CatCo Worldwide Media,Private Investigator,04/01/2024
Storm Matt Svetlanaevich,SSR,Archer,29/05/2024
Rogers Ben Petrovich,S.H.I.E.L.D.,Scientist,27/05/2019
Watson Ben Dariaevich,Gamma Research,CEO,20/07/2021
Storm Bruce Olgaevich,Alias Investigations,Air Force Pilot,20/09/2020
Cho Ben Ivanovich,SSR,Model,07/07/2024
Parker Walter Ivanovich,SSR,Journalist,28/07/2021
Parker Jason Sidorovich,Stark Industries,CEO,12/05/2019
Romanoff Norman Dariaevich,CatCo Worldwide Media,Photographer,29/10/2022
Smoak Oliver Dariaevich,Stark Industries,Journalist,12/03/2017
Cho Steve Nataliaevich,S.H.I.E.L.D.,Archer,08/05/2021
Parker Matt Nikolaevich,Oscorp Industries,Agent,10/09/2020
Cho Clark Elenaevich,Gamma Research,Journalist,24/05/2022
Rand Tony Maryevich,League of Assassins,Archer,02/11/2019
Gale Jason Dariaevich,Army,Air Force Pilot,21/11/2022
Kent Norman Dariaevich,CatCo Worldwide Media,Private Investigator,15/04/2019
Cain Steve Nataliaevich,NASA,Lawyer,17/02/2023
Wayne Steve Olgaevich,Queen Industries,IT Specialist,13/02/2022
Smoak Walter Elenaevich,SSR,Soldier,05/05/2022
Watson Matt Dariaevich,Wayne Enterprises,IT Specialist,02/04/2021
Palpatine Ben Irinaevich,Fantastic Four,Private Investigator,06/01/2023
Cain Peter Maryevich,Alias Investigations,Air Force Pilot,23/03/2020
Storm Jason Petrovich,Palmer Technologies,Reporter,12/01/2017
Bishop Jason Nikolaevich,Daily Planet,Spy,06/01/2021
Bishop Tony Nikolaevich,Oscorp Industries,Photographer,18/11/2020
Smoak Barry Katerinaevich,Central City Police Department,Air Force Pilot,17/07/2024
Jones Wade Tatianaevich,NASA,Scientist,12/02/2024
Lane Daniel Ivanovich,NASA,Model,28/09/2020
Jones Walter Svetlanaevich,Stark Industries,Private Investigator,29/07/2022
Zor-El Steve Olgaevich,Gamma Research,Agent,24/10/2023
Watson Daniel Irinaevich,League of Assassins,Archer,11/08/2019
Smoak Barry Katerinaevich,Gamma Research,Photographer,20/11/2022
Cho Jason Nataliaevich,Alias Investigations,Soldier,14/09/2016
Allen Steve Ivanovich,Daily Planet,Lawyer,24/04/2022
Lane Bruce Ivanovich,NASA,IT Specialist,28/08/2019
Allen Jason Dariaevich,Gamma Research,Journalist,30/05/2021
Murdock Walter Sidorovich,Central City Police Department,Soldier,17/11/2019
Cho Walter Irinaevich,Wayne Enterprises,Agent,03/06/2019
Wilson Walter Nikolaevich,NASA,Scientist,06/03/2021
Rogers Tony Dariaevich,League of Assassins,Journalist,16/04/2023
Smoak Peter Maryevich,Daily Planet,Spy,04/10/2020
Parker Barry Elenaevich,Fantastic Four,Air Force Pilot,02/01/2018
Kent Steve Maryevich,Fantastic Four,Soldier,17/07/2020
Rand Daniel Nikolaevich,League of Assassins,CEO,02/04/2024
Murdock Matt Nikolaevich,Army,Agent,23/01/2024
Murdock Walter Maryevich,Wayne Enterprises,Archer,19/06/2020
Zor-El Tony Dariaevich,Alias Investigations,Air Force Pilot,28/04/2021
Wayne Wade Ivanovich,Wayne Enterprises,Air Force Pilot,24/05/2018
Wilson Norman Sidorovich,Fantastic Four,Lawyer,15/10/2018
Storm Peter Nataliaevich,Rand Enterprises,Spy,03/01/2023
Watson Ben Olgaevich,Palmer Technologies,Spy,20/12/2019
Stark Jason Petrovich,NASA,Soldier,14/01/2020
Jones Oliver Tatianaevich,Queen Industries,Spy,10/09/2020
Jones Ben Svetlanaevich,SSR,Agent,18/06/2024
Zor-El Bruce Sidorovich,Army,Journalist,10/06/2024
Gale Walter Tatianaevich,Fantastic Four,Photographer,05/02/2020
Kent Jason Nataliaevich,Fantastic Four,Photographer,24/04/2021
Maximoff Matt Nataliaevich,CatCo Worldwide Media,IT Specialist,09/04/2022
Carter Oliver Tatianaevich,Palmer Technologies,Photographer,26/01/2017
Wilson Clark Dariaevich,SSR,Lawyer,14/02/2021
Wayne Matt Olgaevich,Army,Spy,07/10/2019
Todd Steve Olgaevich,Stark Industries,Air Force Pilot,28/02/2023
Rand Walter Tatianaevich,League of Assassins,Scientist,17/05/2020
Parker Steve Nataliaevich,CatCo Worldwide Media,Scientist,19/10/2016
Allen Peter Irinaevich,Daily Planet,Spy,21/04/2024
Storm Matt Dariaevich,Rand Enterprises,Photographer,02/12/2020
Stark Clark Irinaevich,Palmer Technologies,Scientist,08/11/2017
Kent David Katerinaevich,NASA,Soldier,27/04/2022
Osborn Peter Olgaevich,Rand Enterprises,IT Specialist,16/04/2020
Smoak Clark Nataliaevich,Rand Enterprises,Journalist,08/01/2020
Parker Norman Nikolaevich,Oscorp Industries,Private Investigator,07/06/2017
Stark Jason Olgaevich,Alias Investigations,Scientist,12/10/2022
Murdock Steve Katerinaevich,Stark Industries,Private Investigator,03/11/2023
Cho Matt Nataliaevich,CatCo Worldwide Media,CEO,01/08/2023
White Wade Katerinaevich,Fantastic Four,Lawyer,20/08/2022
Watson Barry Svetlanaevich,Army,Journalist,04/12/2020
White Oliver Dariaevich,NASA,Model,16/06/2023
Smoak Peter Irinaevich,Palmer Technologies,Soldier,15/04/2017
White Steve Tatianaevich,S.H.I.E.L.D.,CEO,30/04/2021
Allen Daniel Dariaevich,Wayne Enterprises,Agent,12/09/2020
Storm Bruce Ivanovich,Wayne Enterprises,Agent,26/07/2018
Cain Matt Nikolaevich,Stark Industries,Archer,13/02/2022
Allen Barry Irinaevich,Oscorp Industries,Air Force Pilot,10/11/2022
Allen Oliver Tatianaevich,Central City Police Department,Journalist,13/09/2016
Parker Oliver Nataliaevich,Queen Industries,Photographer,15/10/2023
Murdock Steve Ivanovich,Central City Police Department,Model,24/02/2018
Maximoff Tony Ivanovich,Alias Investigations,Private Investigator,20/07/2017
Rand David Olgaevich,Wayne Enterprises,Scientist,11/02/2022
Palpatine Wade Olgaevich,Central City Police Department,CEO,24/02/2018
Danvers Steve Maryevich,SSR,Reporter,07/03/2020
Lane Oliver Svetlanaevich,League of Assassins,Agent,12/10/2023
Maximoff Barry Nataliaevich,Stark Industries,Soldier,25/06/2020
Todd Peter Nikolaevich,S.H.I.E.L.D.,Reporter,15/04/2018
Cho Matt Maryevich,League of Assassins,Model,26/12/2021
Kent Steve Dariaevich,Fantastic Four,Private Investigator,19/07/2020
Wayne Walter Katerinaevich,Daily Planet,Private Investigator,30/11/2017
Rand Daniel Ivanovich,CatCo Worldwide Media,Private Investigator,27/10/2020
Palpatine Matt Petrovich,Stark Industries,CEO,17/03/2023
Todd Tony Maryevich,Oscorp Industries,Private Investigator,06/07/2023
Carter Steve Nataliaevich,S.H.I.E.L.D.,Spy,18/11/2021
Jones Barry Elenaevich,Gamma Research,Reporter,27/06/2022
Carter Clark Dariaevich,League of Assassins,Soldier,08/09/2021
Smoak Tony Irinaevich,Gamma Research,Spy,24/08/2023
Romanoff Tony Dariaevich,Army,Soldier,18/05/2020
Allen Daniel Olgaevich,Queen Industries,Air Force Pilot,06/10/2022
Wayne Tony Svetlanaevich,NASA,Air Force Pilot,09/01/2023
Kent Steve Nikolaevich,SSR,Air Force Pilot,11/04/2018
White David Elenaevich,Fantastic Four,Soldier,28/08/2017
Kent Matt Maryevich,Fantastic Four,Photographer,24/02/2019
Kent Barry Irinaevich,Palmer Technologies,Photographer,13/08/2018
Jones Wade Tatianaevich,Oscorp Industries,Model,01/03/2020
Reilly Barry Irinaevich,Rand Enterprises,Reporter,28/11/2023
Jones Norman Maryevich,Wayne Enterprises,CEO,28/05/2020
Romanoff Bruce Svetlanaevich,Central City Police Department,Spy,05/07/2017
Cain Tony Katerinaevich,League of Assassins,IT Specialist,26/06/2021
Maximoff Clark Dariaevich,CatCo Worldwide Media,Journalist,06/04/2022
Watson Steve Dariaevich,League of Assassins,Lawyer,05/10/2017
Maximoff Tony Elenaevich,S.H.I.E.L.D.,Model,02/08/2022
Smoak Jason Nikolaevich,Army,Photographer,24/08/2016
Wayne Jason Elenaevich,Queen Industries,Model,05/11/2017
Osborn Barry Petrovich,Wayne Enterprises,Air Force Pilot,07/06/2020
Murdock Walter Irinaevich,Palmer Technologies,CEO,02/09/2018
Cain David Irinaevich,Army,Model,01/07/2020
Cain Jason Nataliaevich,S.H.I.E.L.D.,Reporter,14/06/2021
Rand Bruce Nataliaevich,Gamma Research,Air Force Pilot,10/07/2019
Gale David Nataliaevich,Rand Enterprises,Photographer,26/09/2022
Palpatine Clark Nataliaevich,Fantastic Four,Agent,30/07/2018
Smoak Daniel Nikolaevich,Queen Industries,Reporter,06/06/2024
Cho Barry Dariaevich,Gamma Research,Spy,04/11/2021
Murdock Clark Petrovich,Fantastic Four,Private Investigator,26/07/2018
Kent Oliver Elenaevich,Palmer Technologies,Reporter,06/08/2022
Rand Matt Nikolaevich,Alias Investigations,Agent,10/03/2021
Wilson David Irinaevich,Oscorp Industries,Journalist,10/10/2017
Jones Oliver Svetlanaevich,CatCo Worldwide Media,Agent,21/12/2016
Rogers Daniel Petrovich,Alias Investigations,Agent,21/11/2023
Watson Oliver Nikolaevich,NASA,Air Force Pilot,10/04/2020
Romanoff Steve Nikolaevich,Fantastic Four,Archer,18/01/2024
Danvers Jason Sidorovich,Army,Soldier,12/10/2017
Carter Ben Nataliaevich,S.H.I.E.L.D.,Soldier,27/05/2022
Murdock Walter Ivanovich,Daily Planet,Soldier,06/11/2018
Smoak Bruce Tatianaevich,Daily Planet,Scientist,07/02/2019
Storm Tony Svetlanaevich,S.H.I.E.L.D.,Scientist,27/09/2023
Osborn Walter Maryevich,Oscorp Industries,Lawyer,07/10/2022
Osborn Peter Elenaevich,Queen Industries,CEO,13/03/2024
Cain Oliver Nikolaevich,Palmer Technologies,Agent,19/06/2017
Romanoff Ben Irinaevich,Wayne Enterprises,Journalist,02/07/2022
Kent Wade Nikolaevich,Stark Industries,Lawyer,16/02/2021
Danvers Bruce Ivanovich,Queen Industries,Agent,19/11/2022
Lane Bruce Katerinaevich,Wayne Enterprises,Lawyer,12/03/2020
Wilson Clark Ivanovich,S.H.I.E.L.D.,Air Force Pilot,14/10/2019
Lane Daniel Tatianaevich,Oscorp Industries,Lawyer,29/08/2017
Todd Clark Dariaevich,NASA,CEO,12/05/2021
Murdock Jason Dariaevich,Palmer Technologies,Photographer,14/04/2021
Carter Bruce Katerinaevich,Fantastic Four,Reporter,22/09/2022
Cain Daniel Petrovich,Daily Planet,Model,02/03/2019
Murdock Steve Nikolaevich,Palmer Technologies,Reporter,07/10/2020
Danvers Jason Sidorovich,Alias Investigations,Archer,06/05/2019
Wayne Clark Tatianaevich,Stark Industries,Journalist,16/04/2021
Kent Oliver Sidorovich,Queen Industries,Photographer,27/09/2018
Wilson Ben Nikolaevich,S.H.I.E.L.D.,Lawyer,13/07/2021
Allen Walter Olgaevich,S.H.I.E.L.D.,Archer,12/05/2019
Wayne Peter Katerinaevich,S.H.I.E.L.D.,IT Specialist,07/06/2024
Storm Bruce Nikolaevich,CatCo Worldwide Media,Reporter,16/08/2017
Romanoff Walter Nataliaevich,League of Assassins,Air Force Pilot,05/07/2018
Lane Wade Sidorovich,Stark Industries,Photographer,24/02/2019
Kent Walter Nikolaevich,League of Assassins,Scientist,01/03/2021
Wayne Matt Dariaevich,CatCo Worldwide Media,Lawyer,02/01/2024
Gale Walter Olgaevich,Alias Investigations,Model,30/06/2021
Romanoff David Nataliaevich,Wayne Enterprises,Reporter,27/07/2019
Watson Steve Irinaevich,Gamma Research,Photographer,20/11/2021
Danvers Jason Svetlanaevich,CatCo Worldwide Media,Spy,27/05/2020
Gale Jason Katerinaevich,Wayne Enterprises,Air Force Pilot,17/02/2021
Gale Tony Svetlanaevich,S.H.I.E.L.D.,Private Investigator,05/02/2021
Watson Daniel Irinaevich,Fantastic Four,Scientist,09/09/2023
Zor-El Steve Katerinaevich,SSR,Model,13/04/2017
Lane David Irinaevich,Rand Enterprises,Air Force Pilot,18/11/2020
Gale Bruce Irinaevich,Alias Investigations,Photographer,14/11/2016
Palpatine Tony Irinaevich,Alias Investigations,Agent,22/07/2024
Queen Daniel Sidorovich,Queen Industries,Air Force Pilot,08/04/2023
Carter Walter Petrovich,Palmer Technologies,Soldier,10/07/2024
Jones Oliver Irinaevich,Rand Enterprises,Reporter,31/03/2017
Cain Wade Olgaevich,Daily Planet,Soldier,15/10/2021
Reilly Wade Maryevich,Gamma Research,Agent,17/02/2022
Cain Norman Elenaevich,SSR,Model,06/01/2022
Maximoff Oliver Dariaevich,Army,Spy,26/03/2022
Bishop Oliver Sidorovich,SSR,Private Investigator,10/08/2022
Stark Barry Irinaevich,League of Assassins,Journalist,24/06/2022
Palpatine Wade Maryevich,Fantastic Four,Archer,06/12/2023
Smoak Bruce Katerinaevich,NASA,Journalist,07/12/2021
Storm Daniel Nikolaevich,Alias Investigations,Reporter,12/10/2020
Rand Clark Dariaevich,Oscorp Industries,Spy,01/11/2020
Rand Tony Tatianaevich,Army,Scientist,10/10/2023
Cain Barry Maryevich,Army,Reporter,23/08/2018
Cho Oliver Ivanovich,Gamma Research,IT Specialist,19/04/2021
Jones Oliver Maryevich,Alias Investigations,CEO,19/05/2023
Jones Steve Tatianaevich,Army,Private Investigator,02/02/2022
Danvers Wade Elenaevich,NASA,Photographer,02/10/2020
Queen Tony Sidorovich,Queen Industries,Photographer,22/06/2022
Lane Walter Dariaevich,Palmer Technologies,Agent,12/03/2021
Murdock Daniel Sidorovich,Wayne Enterprises,Model,30/12/2016
Reilly Jason Dariaevich,Stark Industries,Spy,23/09/2017
Zor-El Matt Ivanovich,Rand Enterprises,CEO,28/08/2020
Allen Ben Nikolaevich,Stark Industries,Archer,05/09/2018
Osborn Oliver Olgaevich,Fantastic Four,CEO,10/10/2016
Wilson Barry Sidorovich,Oscorp Industries,Soldier,01/02/2018
Gale Clark Olgaevich,League of Assassins,Spy,07/09/2020
Lane Norman Tatianaevich,Oscorp Industries,Private Investigator,14/07/2017
Parker Clark Maryevich,Queen Industries,Air Force Pilot,28/12/2017
Queen Daniel Maryevich,Daily Planet,Reporter,23/04/2021
Storm Ben Nataliaevich,SSR,Air Force Pilot,30/07/2019
Storm Ben Irinaevich,Rand Enterprises,Soldier,03/09/2021
Cho Tony Ivanovich,Stark Industries,IT Specialist,17/01/2021
Jones Norman Maryevich,Queen Industries,Scientist,05/07/2023
Wayne Bruce Petrovich,Palmer Technologies,Lawyer,12/07/2022
Smoak Wade Sidorovich,Army,Archer,01/04/2023
Rand Barry Nataliaevich,Alias Investigations,Private Investigator,22/07/2018
Queen Oliver Petrovich,Army,Private Investigator,31/08/2016
Stark Jason Nataliaevich,Alias Investigations,Scientist,12/01/2020
Osborn Norman Svetlanaevich,S.H.I.E.L.D.,Model,26/08/2023
Reilly Tony Nataliaevich,Stark Industries,Agent,21/07/2018
Danvers David Katerinaevich,Army,Photographer,17/11/2019
Todd Wade Katerinaevich,Wayne Enterprises,Archer,26/09/2019
Maximoff Walter Irinaevich,NASA,Lawyer,17/06/2018
Queen Tony Sidorovich,SSR,Lawyer,06/12/2022
Maximoff David Nikolaevich,SSR,Model,16/04/2022
Zor-El Tony Petrovich,Daily Planet,Soldier,18/01/2018
Romanoff Steve Sidorovich,Rand Enterprises,Photographer,24/12/2016
Carter Jason Nikolaevich,Daily Planet,IT Specialist,31/03/2022
Kent Walter Olgaevich,Wayne Enterprises,Private Investigator,28/12/2021
Cho Jason Elenaevich,Rand Enterprises,Lawyer,28/01/2023
Wilson David Irinaevich,S.H.I.E.L.D.,Model,18/07/2020
Bishop Daniel Nikolaevich,Gamma Research,Private Investigator,13/12/2018
Wayne Tony Katerinaevich,League of Assassins,Spy,07/09/2016
Rogers David Svetlanaevich,SSR,Air Force Pilot,24/06/2024
Jones Barry Irinaevich,Stark Industries,Archer,11/09/2018
Storm Barry Tatianaevich,Queen Industries,Lawyer,29/05/2021
Maximoff Daniel Elenaevich,Fantastic Four,Spy,19/05/2022
Palpatine Oliver Olgaevich,Army,Agent,02/05/2024
Danvers Daniel Svetlanaevich,Queen Industries,Archer,09/07/2020
White Matt Katerinaevich,Stark Industries,Agent,27/10/2022
Maximoff Walter Nataliaevich,S.H.I.E.L.D.,Journalist,29/11/2019
Murdock Oliver Nikolaevich,SSR,Archer,15/06/2021
Stark Peter Sidorovich,CatCo Worldwide Media,Photographer,24/03/2021
Palpatine Steve Elenaevich,Daily Planet,Agent,02/03/2022
Palpatine Wade Katerinaevich,Queen Industries,Air Force Pilot,09/11/2018
Rogers Jason Dariaevich,Fantastic Four,Scientist,24/09/2022
Storm Matt Dariaevich,Palmer Technologies,Spy,12/08/2016
Parker Walter Petrovich,Oscorp Industries,Spy,10/11/2019
Jones Matt Ivanovich,Queen Industries,Lawyer,20/11/2023
Jones Oliver Tatianaevich,Daily Planet,Scientist,09/08/2022
Smoak Walter Maryevich,Alias Investigations,Soldier,09/08/2022
Palpatine Clark Sidorovich,Gamma Research,Soldier,01/04/2019
Reilly Norman Petrovich,S.H.I.E.L.D.,IT Specialist,15/08/2019
Wilson Walter Ivanovich,Queen Industries,Model,01/02/2023
Wayne Ben Elenaevich,Central City Police Department,Photographer,04/05/2019
Zor-El Steve Nataliaevich,SSR,Air Force Pilot,05/07/2017
Romanoff Steve Petrovich,Alias Investigations,Archer,13/02/2024
Stark Ben Petrovich,Central City Police Department,Model,05/10/2019
Cho Peter Dariaevich,NASA,IT Specialist,30/09/2020
Queen Tony Nikolaevich,Gamma Research,Model,31/03/2018
Murdock Bruce Katerinaevich,Stark Industries,Reporter,31/03/2017
Storm Oliver Katerinaevich,CatCo Worldwide Media,Lawyer,29/09/2018
Wilson Daniel Olgaevich,Queen Industries,Spy,12/12/2018
Jones Wade Olgaevich,Central City Police Department,Soldier,10/12/2017
Kent Daniel Maryevich,Alias Investigations,Scientist,30/09/2021
White Barry Petrovich,NASA,Soldier,03/09/2020
Reilly Ben Olgaevich,Fantastic Four,Model,12/01/2020
Lane Peter Irinaevich,Fantastic Four,Air Force Pilot,17/04/2017
Wayne Jason Maryevich,Queen Industries,Spy,01/07/2020
Osborn Tony Sidorovich,Wayne Enterprises,Private Investigator,27/07/2017
Kent Tony Svetlanaevich,Oscorp Industries,Private Investigator,07/06/2022
Cho Jason Ivanovich,Queen Industries,Lawyer,13/01/2019
Queen Bruce Elenaevich,SSR,Private Investigator,22/06/2017
Jones Barry Svetlanaevich,NASA,Spy,28/11/2020
Lane Ben Tatianaevich,Oscorp Industries,IT Specialist,23/10/2017
Osborn Daniel Nikolaevich,Fantastic Four,Journalist,07/03/2021
Romanoff Bruce Nikolaevich,Rand Enterprises,Archer,13/05/2018
Todd Wade Svetlanaevich,Palmer Technologies,Photographer,25/10/2019
Rand Peter Irinaevich,CatCo Worldwide Media,IT Specialist,23/08/2017
Watson Daniel Irinaevich,Queen Industries,Photographer,06/09/2023
Stark Norman Olgaevich,Stark Industries,Lawyer,28/09/2017
Rogers Peter Nikolaevich,Alias Investigations,Reporter,17/10/2022
Bishop Clark Elenaevich,S.H.I.E.L.D.,Air Force Pilot,27/08/2021
Carter Peter Elenaevich,Gamma Research,CEO,12/03/2023
Lane Bruce Dariaevich,Central City Police Department,IT Specialist,12/12/2023
Kent Tony Petrovich,S.H.I.E.L.D.,Archer,01/07/2019
Wayne Matt Katerinaevich,Wayne Enterprises,Air Force Pilot,28/03/2021
Wayne Oliver Ivanovich,Queen Industries,Air Force Pilot,17/05/2019
Rogers Daniel Nikolaevich,Wayne Enterprises,Archer,28/12/2016
Cho Walter Olgaevich,Gamma Research,Photographer,05/01/2017
Cho Clark Sidorovich,S.H.I.E.L.D.,Scientist,28/06/2017
Carter David Tatianaevich,Daily Planet,Spy,13/08/2019
Cho Daniel Svetlanaevich,Fantastic Four,Archer,07/08/2020
Romanoff David Nataliaevich,S.H.I.E.L.D.,Agent,11/09/2016
Gale Norman Dariaevich,Queen Industries,Agent,15/06/2018
Smoak Norman Elenaevich,Gamma Research,Model,04/09/2018
Osborn Peter Tatianaevich,Palmer Technologies,Spy,24/07/2019
Wayne Daniel Svetlanaevich,Alias Investigations,CEO,06/02/2021
Storm Norman Petrovich,Palmer Technologies,Agent,17/11/2022
Parker Steve Dariaevich,Central City Police Department,Reporter,11/06/2019
Lane Oliver Petrovich,SSR,CEO,23/01/2020
Reilly Walter Petrovich,Gamma Research,IT Specialist,06/09/2016
Rogers Clark Irinaevich,Army,Reporter,03/04/2019
Murdock Wade Maryevich,Oscorp Industries,Spy,18/03/2024
Kent Norman Maryevich,Fantastic Four,Model,22/11/2016
Rand David Petrovich,Rand Enterprises,Private Investigator,12/02/2017
Cain Daniel Tatianaevich,SSR,Archer,28/08/2021
Rand Matt Nikolaevich,League of Assassins,Journalist,15/10/2019
Stark Clark Ivanovich,NASA,Private Investigator,27/08/2021
Lane Oliver Katerinaevich,League of Assassins,Scientist,14/07/2022
Jones Matt Tatianaevich,CatCo Worldwide Media,CEO,22/09/2021
Storm Steve Dariaevich,Gamma Research,Photographer,19/11/2023
Palpatine David Olgaevich,League of Assassins,Air Force Pilot,25/11/2017
Maximoff Matt Elenaevich,NASA,Model,10/06/2019
Lane Matt Nikolaevich,S.H.I.E.L.D.,Agent,03/10/2018
Wayne Clark Ivanovich,Daily Planet,Air Force Pilot,19/09/2016
Smoak Peter Svetlanaevich,Gamma Research,Model,20/02/2024
Todd Ben Nikolaevich,League of Assassins,Archer,09/11/2021
Storm Walter Sidorovich,CatCo Worldwide Media,Model,05/04/2019
Cain Steve Nikolaevich,Palmer Technologies,Private Investigator,24/03/2019
Reilly Barry Olgaevich,Palmer Technologies,Private Investigator,14/07/2018
Stark Bruce Petrovich,Stark Industries,Agent,08/12/2021
Carter Barry Olgaevich,SSR,Reporter,22/04/2022
Gale Matt Elenaevich,Rand Enterprises,CEO,10/10/2023
Watson Bruce Katerinaevich,Fantastic Four,Model,28/06/2023
Reilly Matt Olgaevich,Gamma Research,Photographer,22/11/2023
Gale Barry Svetlanaevich,Fantastic Four,Lawyer,28/09/2023
Wayne Jason Ivanovich,Alias Investigations,Reporter,23/07/2024
Murdock Clark Nataliaevich,Wayne Enterprises,Agent,06/01/2019
Parker Jason Petrovich,Oscorp Industries,CEO,04/01/2023
Rand Daniel Nataliaevich,Daily Planet,Private Investigator,12/12/2022
Osborn Tony Olgaevich,Rand Enterprises,Scientist,15/11/2021
Parker Walter Svetlanaevich,Oscorp Industries,CEO,16/10/2017
Cho Jason Sidorovich,S.H.I.E.L.D.,Soldier,01/08/2017
Queen Jason Svetlanaevich,Gamma Research,Spy,11/11/2018
Osborn Daniel Ivanovich,SSR,Journalist,10/05/2024
Kent Peter Svetlanaevich,Alias Investigations,Spy,16/02/2020
Bishop Matt Nataliaevich,Alias Investigations,Photographer,12/03/2022
Watson Oliver Sidorovich,Rand Enterprises,CEO,03/06/2017
Jones Wade Svetlanaevich,Army,Private Investigator,20/02/2023
White Barry Svetlanaevich,NASA,IT Specialist,06/12/2016
Gale Daniel Katerinaevich,Daily Planet,Journalist,10/01/2024
Osborn Matt Nataliaevich,NASA,Lawyer,26/08/2020
Allen Norman Dariaevich,League of Assassins,Reporter,22/01/2018
Parker Walter Sidorovich,Stark Industries,IT Specialist,23/01/2019
Smoak Oliver Dariaevich,Fantastic Four,Private Investigator,26/07/2022
Jones Walter Tatianaevich,S.H.I.E.L.D.,Journalist,30/11/2016
Watson Clark Petrovich,League of Assassins,Lawyer,04/06/2022
Smoak Walter Olgaevich,Central City Police Department,Soldier,18/03/2022
Danvers Steve Maryevich,Central City Police Department,Lawyer,20/10/2020
Zor-El Clark Ivanovich,Alias Investigations,Photographer,18/12/2018
Lane Peter Ivanovich,Stark Industries,Model,16/02/2019
White Walter Nataliaevich,Wayne Enterprises,Spy,21/08/2018
Zor-El Tony Tatianaevich,League of Assassins,Soldier,12/04/2021
Todd David Petrovich,Wayne Enterprises,Spy,07/03/2021
Zor-El Ben Irinaevich,NASA,Photographer,24/06/2019
Parker Tony Maryevich,Central City Police Department,Agent,08/01/2018
